Fabric Name,Active Zone Config,Active Zones,Zone Status,Total Zone Members,Zone Member(s)
eng-p-sanswa,swa,epicshd_hba0_cache,Valid,3,epicshd_hba0,svmprodcache,svmshdcache,
eng-p-sanswa,swa,epicshd_hba1_cache,Valid,3,epicshd_hba1,svmprodcache,svmshdcache,
eng-p-sanswa,swa,z_app_p_ebisql,Hanging,2,app_p_ebisql,tecsvmblk01,
eng-p-sanswa,swa,z_cvma4,Hanging,4,10:00:00:90:fa:d1:79:ae,10:00:00:90:fa:d1:79:af,tec-cvcluster01,tec-cvcluster02,
eng-p-sanswa,swa,z_cvma5,Hanging,3,10:00:00:10:9b:ba:f0:c0,tec-cvcluster01,tec-cvcluster02,
eng-p-sanswa,swa,z_eng_p_nim_hba0_tecsvmblk01,Hanging,2,eng_p_nim_hba0,tecsvmblk01,
eng-p-sanswa,swa,z_eng_p_nim_hba1_tecsvmblk01,Hanging,2,eng_p_nim_hba1,tecsvmblk01,
eng-p-sanswa,swa,z_epc_p_clarity_hba0,Hanging,2,epc_p_clarity_hba0,tecsvmblk01,
eng-p-sanswa,swa,z_epc_p_clarity_hba1,Hanging,2,epc_p_clarity_hba1,tecsvmblk01,
eng-p-sanswa,swa,z_epc_p_vios01,Valid,2,epc_p_vios01,tecsvmblk01,
eng-p-sanswa,swa,z_epc_p_vios02,Valid,2,epc_p_vios02,tecsvmblk01,
eng-p-sanswa,swa,z_epc_p_vios03,Valid,2,1,25,svmprodcache,
eng-p-sanswa,swa,z_epc_p_vios04,Valid,3,1,29,epc-p-vios04,svmshdcache,
eng-p-sanswa,swa,z_epicbackup,Hanging,6,c0:50:76:0a:e6:83:00:4c,c0:50:76:0a:e6:83:00:4e,c0:50:76:0a:e6:83:00:50,c0:50:76:0a:e6:83:00:52,svmprodcache,svmshdcache,
eng-p-sanswa,swa,z_epicproda,Valid,2,epicproda,svmprodcache,
eng-p-sanswa,swa,z_epicprodb,Hanging,2,epicprodb,svmprodcache,
eng-p-sanswa,swa,z_epicprodc,Valid,4,c0:50:76:0a:e6:83:00:48,c0:50:76:0a:e6:83:00:4a,svmprodcache,svmshdcache,
eng-p-sanswa,swa,z_epicprodp10-new,Valid,2,epicprodp10-new,svmprodcache,
eng-p-sanswa,swa,z_epictst_fscsi0_svmpodcache_n5_n6,Hanging,3,epictst_fscsi0,svmprodcache_n5_0e,svmprodcache_n6_0e,
eng-p-sanswa,swa,z_epictst_fscsi0_svmshdcache_n5_n6,Hanging,3,epictst_fscsi0,svmshdcache_n5_0e,svmshdcache_n6_0e,
eng-p-sanswa,swa,z_epictst_fscsi3_svmpodcache_n5_n6,Hanging,3,epictst_fscsi3,svmprodcache_n5_0e,svmprodcache_n6_0e,
eng-p-sanswa,swa,z_epictst_fscsi3_svmshdcache_n5_n6,Hanging,3,epictst_fscsi3,svmshdcache_n5_0e,svmshdcache_n6_0e,
eng-p-sanswa,swa,z_epictst_hba0_cache,Valid,3,epictst_hba0,svmprodcache,svmshdcache,
eng-p-sanswa,swa,z_epictst_hba1_cache,Valid,3,epictst_hba1,svmprodcache,svmshdcache,
eng-p-sanswa,swa,z_pnwen_p1cvma1,Valid,3,pnwen-p1cvma1,tec-cvcluster01,tec-cvcluster02,
eng-p-sanswa,swa,z_pnwen_p1cvma2,Valid,3,pnwen-p1cvma2,tec-cvcluster01,tec-cvcluster02,
eng-p-sanswa,swa,z_pnwen_p1cvma3,Valid,3,pnwen-p1cvma3,tec-cvcluster01,tec-cvcluster02,
eng-p-sanswa,swa,z_sec_p_qcoll01,Hanging,2,sec_p_qcoll01,tecsvmblk01,
eng-p-sanswa,swa,z_tape,Hanging,5,tape_1,tape_2,tape_3,tape_4,tec_cvma5,
eng-p-sanswa,swa,z_tape_i6_-1_11_2,Hanging,6,pnwen-p1cvma1,pnwen-p1cvma2,pnwen-p1cvma3,pnwen-p1cvma4,Tape_I6_-1_11_2,tec_cvma5,
eng-p-sanswa,swa,z_tape_i6_-2_11_1,Hanging,6,pnwen-p1cvma1,pnwen-p1cvma2,pnwen-p1cvma3,pnwen-p1cvma4,Tape_I6_-2_11_1,tec_cvma5,
eng-p-sanswa,swa,z_tape_i6_-2_11_3,Hanging,6,pnwen-p1cvma1,pnwen-p1cvma2,pnwen-p1cvma3,pnwen-p1cvma4,Tape_I6_-2_11_3,tec_cvma5,
eng-p-sanswa,swa,z_tape_i6_-3_11_2,Hanging,6,pnwen-p1cvma1,pnwen-p1cvma2,pnwen-p1cvma3,pnwen-p1cvma4,Tape_I6_-3_11_2,tec_cvma5,
eng-p-sanswa,swa,z_tape_i6_0_11_1,Hanging,6,pnwen-p1cvma1,pnwen-p1cvma2,pnwen-p1cvma3,pnwen-p1cvma4,Tape_I6_0_11_1,tec_cvma5,
eng-p-sanswa,swa,z_tec_lab1,Valid,2,tec_lab1,tecsvmblk01,
eng-p-sanswa,swa,z_tec_lab2,Valid,2,tec_lab2,tecsvmblk01,

