Fabric Name,Active Zone Config,Alias Name,Alias Member(s),Alias Status,Zoned Status,Member of Zone(s)
Fabric A,fabA_config_051125,APSLP1616_100098f2b3a1a1f2,10:00:98:f2:b3:a1:a1:f2 ,Hanging,NOT ZONED,,
Fabric A,fabA_config_051125,ESSOJT01_100098f2b3a14f94,10:00:98:f2:b3:a1:4f:94 ,Hanging,NOT ZONED,,
Fabric A,fabA_config_051125,Host1,aa:11:11:11:11:11:11:11 aa:22:22:22:22:22:22:22 ,Hanging,ZONED,Zone1,Zone2,,
Fabric A,fabA_config_051125,LABW9261_100098f2b3a1a1f8,10:00:98:f2:b3:a1:a1:f8 ,Hanging,NOT ZONED,,
Fabric A,fabA_config_051125,LABW9262_100098f2b3a1b11a,10:00:98:f2:b3:a1:b1:1a ,Hanging,NOT ZONED,,
Fabric A,fabA_config_051125,PS75_Dsiasp,c0:50:76:0c:39:2d:00:30 c0:50:76:0c:39:2d:00:31 ,Hanging,ZONED,peerzone_A_dsg10,,
Fabric A,fabA_config_051125,PS75_Fsiasp,c0:50:76:0c:39:2d:00:38 c0:50:76:0c:39:2d:00:39 ,Hanging,ZONED,peerzone_A_fs9200,,
Fabric A,fabA_config_051125,PS75_sys,c0:50:76:0c:39:2d:00:32 c0:50:76:0c:39:2d:00:33 ,Hanging,ZONED,peerzone_A_dsg10,,
Fabric A,fabA_config_051125,PSFC75_Dsiasp,c0:50:76:0c:39:2d:00:4e c0:50:76:0c:39:2d:00:4f ,Hanging,ZONED,peerzone_A_dsg10,,
Fabric A,fabA_config_051125,PSFC75_Fsiasp,c0:50:76:0c:39:2d:00:56 c0:50:76:0c:39:2d:00:57 ,Hanging,ZONED,peerzone_A_fs9200,,
Fabric A,fabA_config_051125,PSFC75_sys,c0:50:76:0c:39:2d:00:54 c0:50:76:0c:39:2d:00:55 ,Hanging,ZONED,peerzone_A_dsg10,,
Fabric A,fabA_config_051125,PSLUN75_Dsiasp,c0:50:76:0c:39:2d:00:5e c0:50:76:0c:39:2d:00:5f ,Hanging,ZONED,peerzone_A_dsg10,,
Fabric A,fabA_config_051125,PSLUN75_Fsiasp,c0:50:76:0c:39:2d:00:66 c0:50:76:0c:39:2d:00:67 ,Hanging,ZONED,peerzone_A_fs9200,,
Fabric A,fabA_config_051125,PSLUN75_sys,c0:50:76:0c:39:2d:00:64 c0:50:76:0c:39:2d:00:65 ,Hanging,ZONED,peerzone_A_dsg10,,
Fabric A,fabA_config_051125,PT75_Dsiasp,c0:50:76:0c:39:2d:00:6e c0:50:76:0c:39:2d:00:6f ,Hanging,ZONED,peerzone_A_dsg10,,
Fabric A,fabA_config_051125,PT75_Fiasp,c0:50:76:0c:39:2d:00:76 c0:50:76:0c:39:2d:00:77 ,Hanging,ZONED,peerzone_A_fs5200,,
Fabric A,fabA_config_051125,PT75_sys,c0:50:76:0c:39:2d:00:74 c0:50:76:0c:39:2d:00:75 ,Hanging,ZONED,peerzone_A_dsg10,,
Fabric A,fabA_config_051125,PTFC75_Dsiasp,c0:50:76:0c:39:2d:00:7e c0:50:76:0c:39:2d:00:7f ,Hanging,ZONED,peerzone_A_dsg10,,
Fabric A,fabA_config_051125,PTFC75_Fiasp,c0:50:76:0c:39:2d:00:86 c0:50:76:0c:39:2d:00:87 ,Hanging,ZONED,peerzone_A_fs5200,,
Fabric A,fabA_config_051125,PTFC75_sys,c0:50:76:0c:39:2d:00:84 c0:50:76:0c:39:2d:00:85 ,Hanging,ZONED,peerzone_A_dsg10,,
Fabric A,fabA_config_051125,PTRCY75_Dsiasp,c0:50:76:0c:39:2d:00:8e c0:50:76:0c:39:2d:00:8f ,Hanging,ZONED,peerzone_A_dsg10,,
Fabric A,fabA_config_051125,PTRCY75_Fiasp,c0:50:76:0c:39:2d:00:96 c0:50:76:0c:39:2d:00:97 ,Hanging,ZONED,peerzone_A_fs5200,,
Fabric A,fabA_config_051125,PTRCY75_sys,c0:50:76:0c:39:2d:00:94 c0:50:76:0c:39:2d:00:95 ,Hanging,ZONED,peerzone_A_dsg10,,
Fabric A,fabA_config_051125,Target2,aa:44:44:44:44:44:44:44 ,Hanging,ZONED,Zone1,Zone3,,
Fabric A,fabA_config_051125,Target3,aa:55:55:55:55:55:55:55 ,Hanging,ZONED,Zone1,Zone2,Zone3,,
Fabric A,fabA_config_051125,Target4,aa:bb:cc:dd:aa:bb:cc:dd ,Hanging,ZONED,Zone2,,
Fabric A,fabA_config_051125,fcpyctl_sys,c0:50:76:0c:39:2d:00:22 c0:50:76:0c:39:2d:00:23 ,Hanging,ZONED,peerzone_A_fs9200,,
Fabric A,fabA_config_051125,floki_sys,c0:50:76:0c:39:2d:00:0e c0:50:76:0c:39:2d:00:0f ,Hanging,ZONED,peerzone_A_fs9200,,
Fabric A,fabA_config_051125,ivar_sys,c0:50:76:0c:39:2d:00:b4 c0:50:76:0c:39:2d:00:b5 ,Hanging,ZONED,peerzone_A_fs5200,,
Fabric A,fabA_config_051125,ragnar_sys,c0:50:76:0c:39:2d:00:44 c0:50:76:0c:39:2d:00:45 ,Hanging,ZONED,peerzone_A_fs5200,,
Fabric A,fabA_config_051125,seer_sys,c0:50:76:0c:39:2d:00:a4 c0:50:76:0c:39:2d:00:a5 ,Hanging,ZONED,peerzone_A_fs5200,,
Fabric A,fabA_config_051125,srv_1022vio1_a,10:00:00:10:9b:e2:10:87 ,Valid,ZONED,peerzone_A_fs9200,,
Fabric A,fabA_config_051125,srv_1022vio2_a,10:00:00:10:9b:e0:f3:bd ,Valid,ZONED,peerzone_A_fs9200,,
Fabric A,fabA_config_051125,srv_RHEL1_openshft_p0,10:00:00:00:c9:ce:61:c8 ,Hanging,NOT ZONED,,
Fabric A,fabA_config_051125,srv_RHEL2_openshft_p0,10:00:00:90:fa:0a:35:da ,Hanging,NOT ZONED,,
Fabric A,fabA_config_051125,srv_RHEL3_openshft_p0,10:00:00:00:c9:cb:42:54 ,Hanging,NOT ZONED,,
Fabric A,fabA_config_051125,srv_RHEL4_openshft_p0,10:00:00:00:c9:cb:02:e6 ,Hanging,NOT ZONED,,
Fabric A,fabA_config_051125,srv_RHEL5_openshft_p0,10:00:00:00:c9:e3:d0:46 ,Hanging,NOT ZONED,,
Fabric A,fabA_config_051125,srv_aixsbx1_fcs0,c0:50:76:0b:10:4e:00:0e c0:50:76:0b:10:4e:00:0f ,Hanging,ZONED,peerzone_A_fs9200,,
Fabric A,fabA_config_051125,srv_aixsbx1_fcs1,c0:50:76:0b:10:4e:00:08 c0:50:76:0b:10:4e:00:09 ,Hanging,ZONED,peerzone_A_fs9200,,
Fabric A,fabA_config_051125,srv_bluestem_nbu_s1p0,10:00:00:00:c9:80:ea:24 ,Hanging,NOT ZONED,,
Fabric A,fabA_config_051125,srv_bluestem_tsm_s1p0,10:00:00:00:c9:aa:18:6a ,Hanging,NOT ZONED,,
Fabric A,fabA_config_051125,srv_bootstrap,c0:50:76:0b:10:49:00:34 c0:50:76:0b:10:49:00:35 ,Hanging,NOT ZONED,,
Fabric A,fabA_config_051125,srv_cisco_ucs_bri_esx1,20:00:00:25:b5:10:00:7f ,Hanging,NOT ZONED,,
Fabric A,fabA_config_051125,srv_cisco_ucs_bri_esx2,20:00:00:25:b5:10:00:5f ,Hanging,NOT ZONED,,
Fabric A,fabA_config_051125,srv_cisco_ucs_steve_V3_1,20:00:00:25:b5:0a:00:00 ,Hanging,NOT ZONED,,
Fabric A,fabA_config_051125,srv_cisco_ucs_steve_V3_2,20:00:00:25:b5:0a:00:01 ,Hanging,NOT ZONED,,
Fabric A,fabA_config_051125,srv_cisco_ucs_steve_v4,20:00:00:25:b5:0a:00:00 ,Hanging,NOT ZONED,,
Fabric A,fabA_config_051125,srv_cisco_ucs_steve_win1,20:00:00:25:b5:0a:00:02 ,Hanging,NOT ZONED,,
Fabric A,fabA_config_051125,srv_cisco_ucs_steve_win1b,20:00:00:25:b5:0a:00:03 ,Hanging,NOT ZONED,,
Fabric A,fabA_config_051125,srv_epaix01,c0:50:76:0b:10:4e:00:94 c0:50:76:0b:10:4e:00:95 ,Hanging,NOT ZONED,,
Fabric A,fabA_config_051125,srv_epaix02,c0:50:76:0b:10:49:00:54 c0:50:76:0b:10:49:00:55 ,Hanging,NOT ZONED,,
Fabric A,fabA_config_051125,srv_epicsp01,c0:50:76:0b:10:4e:00:8c c0:50:76:0b:10:4e:00:8d ,Hanging,NOT ZONED,,
Fabric A,fabA_config_051125,srv_epicsp02,c0:50:76:0b:10:49:00:44 c0:50:76:0b:10:49:00:45 ,Hanging,NOT ZONED,,
Fabric A,fabA_config_051125,srv_epopsc,c0:50:76:0b:10:49:00:4c c0:50:76:0b:10:49:00:4d ,Hanging,NOT ZONED,,
Fabric A,fabA_config_051125,srv_eprhel75p,c0:50:76:0b:10:4e:00:a4 c0:50:76:0b:10:4e:00:a5 ,Hanging,NOT ZONED,,
Fabric A,fabA_config_051125,srv_eprhel83p,c0:50:76:0b:10:4e:00:9c c0:50:76:0b:10:4e:00:9d ,Hanging,ZONED,peerzone_A_fs9200,,
Fabric A,fabA_config_051125,srv_epubuntu18p,c0:50:76:0b:10:49:00:68 c0:50:76:0b:10:49:00:69 ,Hanging,NOT ZONED,,
Fabric A,fabA_config_051125,srv_epubuntu20p,c0:50:76:0b:10:49:00:60 c0:50:76:0b:10:49:00:61 ,Hanging,NOT ZONED,,
Fabric A,fabA_config_051125,srv_esx11_vmhba5,10:00:00:05:1e:81:e0:ac ,Hanging,ZONED,peerzone_A_fs9200,,
Fabric A,fabA_config_051125,srv_esx12_vmhba5,10:00:00:05:33:26:42:f3 ,Hanging,ZONED,peerzone_A_fs9200,,
Fabric A,fabA_config_051125,srv_esx13_vmhba2,50:01:43:80:06:2d:a2:20 ,Hanging,ZONED,peerzone_A_fs9200,,
Fabric A,fabA_config_051125,srv_esx14_vmhba2,50:01:43:80:06:2d:9d:d8 ,Hanging,ZONED,peerzone_A_fs9200,,
Fabric A,fabA_config_051125,srv_esx15_vmhba2,10:00:00:05:33:26:43:5e ,Hanging,ZONED,peerzone_A_fs9200,,
Fabric A,fabA_config_051125,srv_esx20_vmhba3,21:00:00:1b:32:0b:10:fd ,Hanging,ZONED,peerzone_A_fs9200,peerzone_t1block,,
Fabric A,fabA_config_051125,srv_esx21_vmhba1,21:00:00:24:ff:5d:fb:58 ,Hanging,ZONED,peerzone_A_fs9200,peerzone_t1block,,
Fabric A,fabA_config_051125,srv_esx22_vmhba1,21:00:00:24:ff:5d:a7:82 ,Hanging,ZONED,peerzone_A_fs9200,peerzone_t1block,,
Fabric A,fabA_config_051125,srv_esx23_vmhba1,21:00:00:24:ff:5d:fc:2c ,Hanging,ZONED,peerzone_A_fs9200,peerzone_t1block,,
Fabric A,fabA_config_051125,srv_esx24_vmhba1,21:00:00:24:ff:8d:84:00 ,Hanging,ZONED,peerzone_A_fs9200,peerzone_t1block,,
Fabric A,fabA_config_051125,srv_esx30_vmhba3,21:00:00:1b:32:13:4b:2e ,Hanging,ZONED,peerzone_A_fs9200,,
Fabric A,fabA_config_051125,srv_esx30_vmhba4,21:01:00:1b:32:33:4b:2e ,Hanging,ZONED,peerzone_A_fs9200,,
Fabric A,fabA_config_051125,srv_esx31_vmhba3,21:00:00:1b:32:00:37:36 ,Hanging,ZONED,peerzone_A_fs9200,,
Fabric A,fabA_config_051125,srv_esx40_hba1,21:00:f4:e9:d4:54:0c:75 ,Valid,ZONED,peerzone_A_fs9200,peerzone_a302_e0h,peerzone_t1block,peerzone_unfi_fs5200_A,,
Fabric A,fabA_config_051125,srv_esx41_hba1,21:00:f4:e9:d4:56:60:1d ,Valid,ZONED,peerzone_A_fs9200,peerzone_a302_e0h,peerzone_t1block,peerzone_unfi_fs5200_A,,
Fabric A,fabA_config_051125,srv_esx42_hba1,21:00:f4:e9:d4:56:a0:43 ,Valid,ZONED,peerzone_A_fs9200,peerzone_a302_e0h,peerzone_t1block,peerzone_unfi_fs5200_A,,
Fabric A,fabA_config_051125,srv_esx43_hba1,21:00:f4:e9:d4:54:0a:c1 ,Valid,ZONED,peerzone_A_fs9200,peerzone_a302_e0h,peerzone_t1block,peerzone_unfi_fs5200_A,,
Fabric A,fabA_config_051125,srv_esx44_hba1,21:00:f4:e9:d4:52:9c:df ,Valid,ZONED,peerzone_A_fs9200,peerzone_a302_e0h,peerzone_t1block,peerzone_unfi_fs5200_A,,
Fabric A,fabA_config_051125,srv_esx45_hba1,21:00:f4:e9:d4:56:ef:cb ,Valid,ZONED,peerzone_A_fs9200,peerzone_a302_e0h,peerzone_t1block,peerzone_unfi_fs5200_A,,
Fabric A,fabA_config_051125,srv_esx60_hba1,10:00:00:90:fa:c3:5f:ca ,Valid,ZONED,peerzone_A_fs9200,peerzone_a300_1a,peerzone_a302_e0h,peerzone_t1block,peerzone_unfi_fs5200_A,,
Fabric A,fabA_config_051125,srv_esx61_hba1,10:00:00:90:fa:c3:16:18 ,Valid,ZONED,peerzone_A_fs9200,peerzone_a300_1a,peerzone_a302_e0h,peerzone_t1block,peerzone_unfi_fs5200_A,,
Fabric A,fabA_config_051125,srv_esx62_hba1,10:00:00:90:fa:c3:15:04 ,Valid,ZONED,peerzone_A_fs9200,peerzone_a300_1a,peerzone_a302_e0h,peerzone_t1block,peerzone_unfi_fs5200_A,,
Fabric A,fabA_config_051125,srv_esx63_hba1,10:00:00:90:fa:c3:16:6e ,Valid,ZONED,peerzone_A_fs9200,peerzone_a300_1a,peerzone_a302_e0h,peerzone_t1block,peerzone_unfi_fs5200_A,,
Fabric A,fabA_config_051125,srv_esx64_hba1,10:00:00:90:fa:c3:60:cc ,Valid,ZONED,peerzone_A_fs9200,peerzone_a300_1a,peerzone_a302_e0h,peerzone_t1block,peerzone_unfi_fs5200_A,,
Fabric A,fabA_config_051125,srv_esx65_hba1,10:00:00:90:fa:c3:15:ae ,Valid,ZONED,peerzone_A_fs9200,peerzone_a300_1a,peerzone_a302_e0h,peerzone_t1block,peerzone_unfi_fs5200_A,,
Fabric A,fabA_config_051125,srv_graix01_5e,c0:50:76:0b:10:4e:00:5e ,Hanging,ZONED,peerzone_3par,peerzone_A_fs9200,,
Fabric A,fabA_config_051125,srv_groot_host7,21:00:00:24:ff:8d:19:ba ,Valid,ZONED,peerzone_A_fs9200,,
Fabric A,fabA_config_051125,srv_groot_host8,21:00:00:24:ff:8d:19:bb ,Valid,ZONED,peerzone_groot_tapeA,,
Fabric A,fabA_config_051125,srv_hpe_syn_node1_p1,10:00:1e:ee:97:f0:00:08 ,Hanging,NOT ZONED,,
Fabric A,fabA_config_051125,srv_hpe_syn_node2_vmhba32,10:00:1e:ee:97:f0:00:10 ,Hanging,NOT ZONED,,
Fabric A,fabA_config_051125,srv_icas01_disk1,c0:50:76:0b:10:4e:00:b4 ,Valid,ZONED,peerzone_A_fs5200,peerzone_A_fs5200_dr,peerzone_A_fs9200,,
Fabric A,fabA_config_051125,srv_icas01_disk3,c0:50:76:0b:10:4e:00:ba ,Valid,ZONED,peerzone_A_fs5200,peerzone_A_fs5200_dr,peerzone_A_fs9200,,
Fabric A,fabA_config_051125,srv_icas01_p1-c9-t1,c0:50:76:0b:10:49:00:6e ,Hanging,NOT ZONED,,
Fabric A,fabA_config_051125,srv_icas01_tape1,c0:50:76:0b:10:4e:00:bc ,Valid,ZONED,peerzone_icas01_tape,,
Fabric A,fabA_config_051125,srv_icas02-tape1,c0:50:76:0b:10:4e:00:c6 ,Valid,ZONED,peerzone_icas02_tape,,
Fabric A,fabA_config_051125,srv_icas02_1,c0:50:76:0b:10:4e:00:be ,Valid,ZONED,peerzone_A_fs5200,peerzone_A_fs5200_dr,zone_01,,
Fabric A,fabA_config_051125,srv_icas02_2,c0:50:76:0b:10:4e:00:c0 ,Valid,ZONED,peerzone_A_fs5200,peerzone_A_fs5200_dr,zone_01,,
Fabric A,fabA_config_051125,srv_linux01_chpid_40_e100,c0:50:76:cb:a8:00:03:80 ,Hanging,ZONED,peerzone_A_fs9200,,
Fabric A,fabA_config_051125,srv_linux01_chpid_40_e101,c0:50:76:cb:a8:00:03:84 ,Hanging,ZONED,peerzone_A_fs9200,,
Fabric A,fabA_config_051125,srv_linux01_chpid_40_e102,c0:50:76:cb:a8:00:03:88 ,Hanging,ZONED,peerzone_A_fs9200,,
Fabric A,fabA_config_051125,srv_linux02_0,c0:50:76:c7:c4:00:10:41 ,Valid,ZONED,peerzone_A_fs9200,,
Fabric A,fabA_config_051125,srv_loadbal01,c0:50:76:0b:10:49:00:3c c0:50:76:0b:10:49:00:3d ,Hanging,NOT ZONED,,
Fabric A,fabA_config_051125,srv_loadbal02,c0:50:76:0b:10:4e:00:88 c0:50:76:0b:10:4e:00:89 ,Hanging,NOT ZONED,,
Fabric A,fabA_config_051125,srv_loki_port10,c0:50:76:0c:39:2d:00:04 c0:50:76:0c:39:2d:00:05 ,Hanging,ZONED,peerzone_A_fs9200,,
Fabric A,fabA_config_051125,srv_loki_port19,c0:50:76:0c:39:2d:00:0c ,Valid,ZONED,peerzone_ibmi_tape,,
Fabric A,fabA_config_051125,srv_loki_port20,c0:50:76:0c:39:2d:00:02 c0:50:76:0c:39:2d:00:03 ,Hanging,ZONED,peerzone_A_fs9200,,
Fabric A,fabA_config_051125,srv_lyu412_fcs0,10:00:00:00:c9:57:2b:b8 ,Hanging,ZONED,peerzone_A_fs9200,,
Fabric A,fabA_config_051125,srv_lyu412_fcs1,10:00:00:00:c9:58:0e:59 ,Hanging,NOT ZONED,,
Fabric A,fabA_config_051125,srv_lyu413_fcs0,10:00:00:00:c9:57:2b:3c ,Hanging,NOT ZONED,,
Fabric A,fabA_config_051125,srv_lyu413_fcs1,10:00:00:00:c9:4e:80:8a ,Hanging,NOT ZONED,,
Fabric A,fabA_config_051125,srv_master01,c0:50:76:0b:10:49:00:14 c0:50:76:0b:10:49:00:15 ,Hanging,NOT ZONED,,
Fabric A,fabA_config_051125,srv_master02,c0:50:76:0b:10:49:00:1c c0:50:76:0b:10:49:00:1d ,Hanging,NOT ZONED,,
Fabric A,fabA_config_051125,srv_master03,c0:50:76:0b:10:49:00:30 c0:50:76:0b:10:49:00:31 ,Hanging,NOT ZONED,,
Fabric A,fabA_config_051125,srv_nfmaix02_p1,c0:50:76:0b:10:4e:00:5a c0:50:76:0b:10:4e:00:5b ,Hanging,ZONED,peerzone_A_fs9200,,
Fabric A,fabA_config_051125,srv_rhelsbx01,c0:50:76:0b:10:4e:00:22 c0:50:76:0b:10:4e:00:23 ,Hanging,ZONED,peerzone_A_dsg10,peerzone_A_fs5200,peerzone_A_fs5200_dr,peerzone_A_fs9200,,
Fabric A,fabA_config_051125,srv_rhelsbx02,c0:50:76:0b:10:4e:00:1a c0:50:76:0b:10:4e:00:1b ,Hanging,ZONED,peerzone_A_fs5200,peerzone_A_fs5200_dr,peerzone_A_fs9200,,
Fabric A,fabA_config_051125,srv_rick-rhel_01,10:00:00:90:fa:2b:26:3a ,Valid,ZONED,peerzone_A_fs9200,,
Fabric A,fabA_config_051125,srv_rick-w2019_1a,10:00:00:05:33:26:43:b3 ,Valid,ZONED,peerzone_A_fs5200,peerzone_A_fs5200_dr,peerzone_A_fs9200,peerzone_nimble1,,
Fabric A,fabA_config_051125,srv_rocket_host7,21:00:00:24:ff:8a:b2:be ,Valid,ZONED,peerzone_A_fs9200,,
Fabric A,fabA_config_051125,srv_rocket_host8,21:00:00:24:ff:8a:b2:bf ,Valid,ZONED,peerzone_rocket_tapeA,,
Fabric A,fabA_config_051125,srv_susesbx01,c0:50:76:0b:10:4e:00:32 c0:50:76:0b:10:4e:00:33 ,Hanging,ZONED,peerzone_A_fs9200,,
Fabric A,fabA_config_051125,srv_thor_1a,c0:50:76:0b:10:4e:00:48 ,Hanging,ZONED,peerzone_A_fs9200,,
Fabric A,fabA_config_051125,srv_thor_1b,c0:50:76:0b:10:4e:00:49 ,Hanging,ZONED,peerzone_A_fs9200,,
Fabric A,fabA_config_051125,srv_thor_sys_6c,c0:50:76:0b:10:49:00:6c ,Hanging,ZONED,peerzone_A_fs9200,,
Fabric A,fabA_config_051125,srv_thor_sys_6d,c0:50:76:0b:10:49:00:6d ,Hanging,ZONED,peerzone_A_fs9200,,
Fabric A,fabA_config_051125,srv_thor_tape1,c0:50:76:0b:10:4e:00:52 c0:50:76:0b:10:4e:00:53 ,Hanging,NOT ZONED,,
Fabric A,fabA_config_051125,srv_tslm01_slot3_port2,10:00:00:00:c9:55:f5:51 ,Hanging,NOT ZONED,,
Fabric A,fabA_config_051125,srv_tslm02_slot4_port2,10:00:00:00:c9:5a:e8:dd ,Hanging,NOT ZONED,,
Fabric A,fabA_config_051125,srv_tsmsbx01,c0:50:76:0b:10:4e:00:42 c0:50:76:0b:10:4e:00:43 ,Hanging,ZONED,peerzone_A_fs9200,,
Fabric A,fabA_config_051125,srv_ubuntusbx01,c0:50:76:0b:10:4e:00:2c c0:50:76:0b:10:4e:00:2d ,Hanging,ZONED,peerzone_A_fs9200,,
Fabric A,fabA_config_051125,srv_worker01,c0:50:76:0b:10:4e:00:72 c0:50:76:0b:10:4e:00:73 ,Hanging,NOT ZONED,,
Fabric A,fabA_config_051125,srv_worker02,c0:50:76:0b:10:4e:00:74 c0:50:76:0b:10:4e:00:75 ,Hanging,NOT ZONED,,
Fabric A,fabA_config_051125,srv_worker03,c0:50:76:0b:10:4e:00:80 c0:50:76:0b:10:4e:00:81 ,Hanging,NOT ZONED,,
Fabric A,fabA_config_051125,srv_zlinux01,c0:50:76:c7:c4:00:00:00 ,Hanging,ZONED,peerzone_A_fs9200,,
Fabric A,fabA_config_051125,srv_zlinux_chpid_40,c0:50:76:cb:a8:00:12:41 ,Hanging,ZONED,peerzone_A_fs9200,,
Fabric A,fabA_config_051125,sto_3par_001,20:01:00:02:ac:02:0f:3f ,Hanging,ZONED,peerzone_3par,,
Fabric A,fabA_config_051125,sto_3par_111,21:01:00:02:ac:02:0f:3f ,Hanging,ZONED,peerzone_3par,,
Fabric A,fabA_config_051125,sto_a300_01_1a,50:0a:09:82:80:b2:42:92 ,Valid,ZONED,peerzone_a300_1a,,
Fabric A,fabA_config_051125,sto_a300_02_1a,50:0a:09:82:80:42:43:5f ,Valid,ZONED,peerzone_a300_1a,,
Fabric A,fabA_config_051125,sto_a302-01_e0g,50:0a:09:84:80:02:42:92 ,Valid,ZONED,peerzone_a302_e0h,,
Fabric A,fabA_config_051125,sto_a302-02_e0g,50:0a:09:84:80:72:43:5f ,Valid,ZONED,peerzone_a302_e0h,,
Fabric A,fabA_config_051125,sto_d1nacludr_01_0e,20:01:d0:39:ea:25:33:0d ,Hanging,NOT ZONED,,
Fabric A,fabA_config_051125,sto_d2nacludr_01_0e,20:01:d0:39:ea:25:49:08 ,Hanging,NOT ZONED,,
Fabric A,fabA_config_051125,sto_ds8k_i0231,50:05:07:63:09:13:51:7f ,Hanging,ZONED,ds8k_migration,,
Fabric A,fabA_config_051125,sto_ds8k_i0301,50:05:07:63:09:18:51:7f ,Hanging,ZONED,ds8k_migration,,
Fabric A,fabA_config_051125,sto_dsg10_i0222,50:05:07:63:03:12:b3:61 ,Valid,ZONED,peerzone_A_dsg10,peerzone_A_fs9200_dsg10,,
Fabric A,fabA_config_051125,sto_dsg10_i0232,50:05:07:63:03:13:b3:61 ,Valid,ZONED,ds8k_migration,dsg10_i0232_dsg10_i0332,,
Fabric A,fabA_config_051125,sto_dsg10_i0242,50:05:07:63:03:14:b3:61 ,Valid,ZONED,dsg10_i0242_dsg10_i0342,,
Fabric A,fabA_config_051125,sto_dsg10_i0322,50:05:07:63:03:1a:b3:61 ,Valid,ZONED,peerzone_A_dsg10,peerzone_A_fs9200_dsg10,,
Fabric A,fabA_config_051125,sto_dsg10_i0332,50:05:07:63:03:1b:b3:61 ,Valid,ZONED,ds8k_migration,dsg10_i0232_dsg10_i0332,,
Fabric A,fabA_config_051125,sto_dsg10_i0342,50:05:07:63:03:1c:b3:61 ,Valid,ZONED,dsg10_i0242_dsg10_i0342,,
Fabric A,fabA_config_051125,sto_esiSVMjimp_1a0h,20:00:00:a0:98:63:0b:8b ,Hanging,NOT ZONED,,
Fabric A,fabA_config_051125,sto_fas2040bjimp_0a,50:0a:09:81:98:1d:af:e7 ,Hanging,NOT ZONED,,
Fabric A,fabA_config_051125,sto_fas2050a_0a,50:0a:09:81:98:cc:70:91 ,Hanging,NOT ZONED,,
Fabric A,fabA_config_051125,sto_fas2050b_0a,50:0a:09:81:88:cc:70:91 ,Hanging,NOT ZONED,,
Fabric A,fabA_config_051125,sto_fs5200_n1p1,50:05:07:68:12:15:2f:bf ,Valid,ZONED,peerzone_A_fs5200,,
Fabric A,fabA_config_051125,sto_fs5200_n1p1_physical,50:05:07:68:12:11:2f:bf ,Valid,ZONED,fs5200_iogrp0_fs9200_replication,zone_fs5200_fs5200_dr,,
Fabric A,fabA_config_051125,sto_fs5200_n2p1,50:05:07:68:12:15:2f:c0 ,Valid,ZONED,peerzone_A_fs5200,,
Fabric A,fabA_config_051125,sto_fs5200_n2p1_physical,50:05:07:68:12:11:2f:c0 ,Valid,ZONED,fs5200_iogrp0_fs9200_replication,zone_fs5200_fs5200_dr,,
Fabric A,fabA_config_051125,sto_fs5200_n3p1,50:05:07:68:12:15:2f:db ,Valid,ZONED,peerzone_A_fs5200_dr,,
Fabric A,fabA_config_051125,sto_fs5200_n3p1_physical,50:05:07:68:12:11:2f:db ,Valid,ZONED,fs5200_iogrp1_fs9200_replication,zone_fs5200_fs5200_dr,,
Fabric A,fabA_config_051125,sto_fs5200_n4p1,50:05:07:68:12:15:2f:dc ,Valid,ZONED,peerzone_A_fs5200_dr,,
Fabric A,fabA_config_051125,sto_fs5200_n4p1_physical,50:05:07:68:12:11:2f:dc ,Valid,ZONED,fs5200_iogrp1_fs9200_replication,zone_fs5200_fs5200_dr,,
Fabric A,fabA_config_051125,sto_fs9200_n1p1_physical,50:05:07:68:10:11:39:91 ,Valid,ZONED,fs5200_iogrp0_fs9200_replication,fs5200_iogrp1_fs9200_replication,peerzone_A_fs9200_dsg10,,
Fabric A,fabA_config_051125,sto_fs9200_n1p1_virtual,50:05:07:68:10:15:39:91 ,Valid,ZONED,peerzone_A_fs9200,zone_01,,
Fabric A,fabA_config_051125,sto_fs9200_n2p1_physical,50:05:07:68:10:11:39:a3 ,Valid,ZONED,fs5200_iogrp0_fs9200_replication,fs5200_iogrp1_fs9200_replication,peerzone_A_fs9200_dsg10,,
Fabric A,fabA_config_051125,sto_fs9200_n2p1_virtual,50:05:07:68:10:15:39:a3 ,Valid,ZONED,peerzone_A_fs9200,zone_01,,
Fabric A,fabA_config_051125,sto_nimble_a_fc3a,56:c9:ce:90:90:19:35:01 ,Hanging,ZONED,peerzone_nimble1,,
Fabric A,fabA_config_051125,sto_nimble_b_fc3a,56:c9:ce:90:90:19:35:05 ,Hanging,ZONED,peerzone_nimble1,,
Fabric A,fabA_config_051125,sto_t1block-01-2a,20:01:00:a0:98:b8:f4:41 ,Valid,ZONED,peerzone_t1block,,
Fabric A,fabA_config_051125,sto_t1block-01-2c,20:03:00:a0:98:b8:f4:41 ,Valid,ZONED,peerzone_t1block,,
Fabric A,fabA_config_051125,sto_t1block-02-2a,20:05:00:a0:98:b8:f4:41 ,Valid,ZONED,peerzone_t1block,,
Fabric A,fabA_config_051125,sto_t1block-02-2c,20:07:00:a0:98:b8:f4:41 ,Valid,ZONED,peerzone_t1block,,
Fabric A,fabA_config_051125,sto_unfi_test_fs5200_port1,50:05:07:68:12:15:35:97 50:05:07:68:12:15:35:98 ,Hanging,ZONED,peerzone_unfi_fs5200_A,,
Fabric A,fabA_config_051125,tpe_ts3310_lto5_1,50:03:08:c3:a2:fa:60:91 ,Valid,ZONED,peerzone_ibmi_tape,,
Fabric A,fabA_config_051125,tpe_ts3310_lto5_2,50:03:08:c3:a2:fa:60:95 ,Valid,ZONED,peerzone_ibmi_tape,,
Fabric A,fabA_config_051125,tpe_ts3310_lto6_0_1_wwpn2,50:03:08:c3:a2:fa:60:01 ,Hanging,ZONED,peerzone_groot_tapeA,peerzone_ibmi_tape,peerzone_icas02_tape,,
Fabric A,fabA_config_051125,tpe_ts3310_lto6_0_2_wwpn1,50:03:08:c3:a2:fa:60:05 ,Valid,ZONED,peerzone_ibmi_tape,peerzone_icas01_tape,peerzone_rocket_tapeA,,
Fabric B,fabB_config_051125,PS75_Dsiasp,c0:50:76:0c:39:2d:00:2e c0:50:76:0c:39:2d:00:2f ,Hanging,ZONED,peerzone_B_dsg10,,
Fabric B,fabB_config_051125,PS75_Fsiasp,c0:50:76:0c:39:2d:00:36 c0:50:76:0c:39:2d:00:37 ,Hanging,ZONED,peerzone_B_fs9200,,
Fabric B,fabB_config_051125,PS75_sys,c0:50:76:0c:39:2d:00:34 c0:50:76:0c:39:2d:00:35 ,Hanging,ZONED,peerzone_B_dsg10,,
Fabric B,fabB_config_051125,PSFC75_Dsiasp,c0:50:76:0c:39:2d:00:50 c0:50:76:0c:39:2d:00:51 ,Hanging,ZONED,peerzone_B_dsg10,,
Fabric B,fabB_config_051125,PSFC75_Fsiasp,c0:50:76:0c:39:2d:00:58 c0:50:76:0c:39:2d:00:59 ,Hanging,ZONED,peerzone_B_fs9200,,
Fabric B,fabB_config_051125,PSFC75_sys,c0:50:76:0c:39:2d:00:52 c0:50:76:0c:39:2d:00:53 ,Hanging,ZONED,peerzone_B_dsg10,,
Fabric B,fabB_config_051125,PSLUN75_Dsiasp,c0:50:76:0c:39:2d:00:60 c0:50:76:0c:39:2d:00:61 ,Hanging,ZONED,peerzone_B_dsg10,,
Fabric B,fabB_config_051125,PSLUN75_Fsiasp,c0:50:76:0c:39:2d:00:68 c0:50:76:0c:39:2d:00:69 ,Hanging,ZONED,peerzone_B_fs9200,,
Fabric B,fabB_config_051125,PSLUN75_sys,c0:50:76:0c:39:2d:00:62 c0:50:76:0c:39:2d:00:63 ,Hanging,ZONED,peerzone_B_dsg10,,
Fabric B,fabB_config_051125,PT75_Dsiasp,c0:50:76:0c:39:2d:00:70 c0:50:76:0c:39:2d:00:71 ,Hanging,ZONED,peerzone_B_dsg10,,
Fabric B,fabB_config_051125,PT75_Fiasp,c0:50:76:0c:39:2d:00:78 c0:50:76:0c:39:2d:00:79 ,Hanging,ZONED,peerzone_B_fs5200,,
Fabric B,fabB_config_051125,PT75_sys,c0:50:76:0c:39:2d:00:72 c0:50:76:0c:39:2d:00:73 ,Hanging,ZONED,peerzone_B_dsg10,,
Fabric B,fabB_config_051125,PTFC75_Dsiasp,c0:50:76:0c:39:2d:00:80 c0:50:76:0c:39:2d:00:81 ,Hanging,ZONED,peerzone_B_dsg10,,
Fabric B,fabB_config_051125,PTFC75_Fiasp,c0:50:76:0c:39:2d:00:88 c0:50:76:0c:39:2d:00:89 ,Hanging,ZONED,peerzone_B_fs5200,,
Fabric B,fabB_config_051125,PTFC75_sys,c0:50:76:0c:39:2d:00:82 c0:50:76:0c:39:2d:00:83 ,Hanging,ZONED,peerzone_B_dsg10,,
Fabric B,fabB_config_051125,PTRCY75_Dsiasp,c0:50:76:0c:39:2d:00:90 c0:50:76:0c:39:2d:00:91 ,Hanging,ZONED,peerzone_B_dsg10,,
Fabric B,fabB_config_051125,PTRCY75_Fiasp,c0:50:76:0c:39:2d:00:98 c0:50:76:0c:39:2d:00:99 ,Hanging,ZONED,peerzone_B_fs5200,,
Fabric B,fabB_config_051125,PTRCY75_sys,c0:50:76:0c:39:2d:00:92 c0:50:76:0c:39:2d:00:93 ,Hanging,ZONED,peerzone_B_dsg10,,
Fabric B,fabB_config_051125,ctclfscl0_node1_port6_vir,50:05:07:68:13:26:41:48 ,Hanging,NOT ZONED,,
Fabric B,fabB_config_051125,ctclfscl0_node2_port6_vir,50:05:07:68:13:26:41:49 ,Hanging,NOT ZONED,,
Fabric B,fabB_config_051125,ctclfscl0_node3_port6_vir,50:05:07:68:13:26:40:37 ,Hanging,NOT ZONED,,
Fabric B,fabB_config_051125,ctclfscl0_node4_port6_vir,50:05:07:68:13:26:40:38 ,Hanging,NOT ZONED,,
Fabric B,fabB_config_051125,fcpyctl_sys,c0:50:76:0c:39:2d:00:24 c0:50:76:0c:39:2d:00:25 ,Hanging,ZONED,peerzone_B_fs9200,,
Fabric B,fabB_config_051125,floki_sys,c0:50:76:0c:39:2d:00:14 c0:50:76:0c:39:2d:00:15 ,Hanging,ZONED,peerzone_B_fs9200,,
Fabric B,fabB_config_051125,icas01_p1-c4-t2,c0:50:76:0b:10:49:00:74 ,Hanging,ZONED,peerzone_B_fs5200,peerzone_B_fs5200_dr,peerzone_B_fs9200,,
Fabric B,fabB_config_051125,icas01_p1-c9-t2,c0:50:76:0b:10:49:00:72 ,Hanging,ZONED,peerzone_B_fs5200,peerzone_B_fs5200_dr,peerzone_B_fs9200,,
Fabric B,fabB_config_051125,ivar_sys,c0:50:76:0c:39:2d:00:b2 c0:50:76:0c:39:2d:00:b3 ,Hanging,ZONED,peerzone_B_fs5200,,
Fabric B,fabB_config_051125,linux02_1,c0:50:76:c7:c4:00:10:51 ,Valid,ZONED,peerzone_B_fs9200,,
Fabric B,fabB_config_051125,ragnar_sys,c0:50:76:0c:39:2d:00:42 c0:50:76:0c:39:2d:00:43 ,Hanging,ZONED,peerzone_B_fs5200,,
Fabric B,fabB_config_051125,seer_sys,c0:50:76:0c:39:2d:00:a2 c0:50:76:0c:39:2d:00:a3 ,Hanging,ZONED,peerzone_B_fs5200,,
Fabric B,fabB_config_051125,srv_1022vio1_b,10:00:00:10:9b:e2:10:88 ,Valid,ZONED,peerzone_B_fs9200,,
Fabric B,fabB_config_051125,srv_1022vio2_b,10:00:00:10:9b:e0:f3:be ,Valid,ZONED,peerzone_B_fs9200,,
Fabric B,fabB_config_051125,srv_A_22aicas01-C2-T2,c0:50:76:0b:10:4e:00:b8 ,Valid,ZONED,peerzone_B_fs5200,peerzone_B_fs5200_dr,peerzone_B_fs9200,,
Fabric B,fabB_config_051125,srv_A_22aicas01-C8-T2,c0:50:76:0b:10:4e:00:b6 ,Valid,ZONED,peerzone_B_fs5200,peerzone_B_fs5200_dr,peerzone_B_fs9200,,
Fabric B,fabB_config_051125,srv_A_icas740-P1-C4-T2,10:00:00:00:c9:a5:0b:7b ,Hanging,ZONED,peerzone_B_fs9200,,
Fabric B,fabB_config_051125,srv_A_icas740-P1-C6-T2,10:00:00:00:c9:e8:64:2d ,Hanging,ZONED,peerzone_B_fs9200,,
Fabric B,fabB_config_051125,srv_RHEL1_openshft_p1,10:00:00:00:c9:ce:61:c9 ,Hanging,NOT ZONED,,
Fabric B,fabB_config_051125,srv_RHEL2_openshft_p1,10:00:00:90:fa:0a:35:db ,Hanging,NOT ZONED,,
Fabric B,fabB_config_051125,srv_RHEL3_openshft_p1,10:00:00:00:c9:cb:42:55 ,Hanging,NOT ZONED,,
Fabric B,fabB_config_051125,srv_RHEL4_openshft_p1,10:00:00:00:c9:cb:02:e7 ,Hanging,NOT ZONED,,
Fabric B,fabB_config_051125,srv_RHEL5_openshft_p1,10:00:00:00:c9:e3:d0:47 ,Hanging,NOT ZONED,,
Fabric B,fabB_config_051125,srv_aixsbx1_fcs2,c0:50:76:0b:10:4e:00:0a c0:50:76:0b:10:4e:00:0b ,Hanging,ZONED,peerzone_B_fs9200,,
Fabric B,fabB_config_051125,srv_aixsbx1_fcs3,c0:50:76:0b:10:4e:00:0c c0:50:76:0b:10:4e:00:0d ,Hanging,ZONED,peerzone_B_fs9200,,
Fabric B,fabB_config_051125,srv_bootstrap,c0:50:76:0b:10:49:00:3a c0:50:76:0b:10:49:00:3b ,Hanging,NOT ZONED,,
Fabric B,fabB_config_051125,srv_cisco_ucs_bri_esx1,20:00:00:25:b5:10:00:6f ,Hanging,NOT ZONED,,
Fabric B,fabB_config_051125,srv_cisco_ucs_bri_esx2,20:00:00:25:b5:10:00:4f ,Hanging,NOT ZONED,,
Fabric B,fabB_config_051125,srv_cisco_ucs_steve_v3_1,20:00:00:25:b5:0b:00:01 ,Hanging,NOT ZONED,,
Fabric B,fabB_config_051125,srv_cisco_ucs_steve_v3_2,20:00:00:25:b5:0b:00:00 ,Hanging,NOT ZONED,,
Fabric B,fabB_config_051125,srv_cisco_ucs_steve_v4,20:00:00:25:b5:0b:00:00 ,Hanging,NOT ZONED,,
Fabric B,fabB_config_051125,srv_cisco_ucs_steve_win1,20:00:00:25:b5:0b:00:01 ,Hanging,NOT ZONED,,
Fabric B,fabB_config_051125,srv_cisco_ucs_steve_win1b,20:00:00:25:b5:0b:00:03 ,Hanging,NOT ZONED,,
Fabric B,fabB_config_051125,srv_drivio1_fcs0,10:00:00:00:c9:76:74:4a ,Hanging,NOT ZONED,,
Fabric B,fabB_config_051125,srv_epaix01,c0:50:76:0b:10:4e:00:9a c0:50:76:0b:10:4e:00:9b ,Hanging,NOT ZONED,,
Fabric B,fabB_config_051125,srv_epaix02,c0:50:76:0b:10:49:00:5a c0:50:76:0b:10:49:00:5b ,Hanging,NOT ZONED,,
Fabric B,fabB_config_051125,srv_epicsp01,c0:50:76:0b:10:4e:00:92 c0:50:76:0b:10:4e:00:93 ,Hanging,NOT ZONED,,
Fabric B,fabB_config_051125,srv_epicsp02,c0:50:76:0b:10:49:00:4a c0:50:76:0b:10:49:00:4b ,Hanging,NOT ZONED,,
Fabric B,fabB_config_051125,srv_epopsc,c0:50:76:0b:10:49:00:52 c0:50:76:0b:10:49:00:53 ,Hanging,NOT ZONED,,
Fabric B,fabB_config_051125,srv_eprhel75p,c0:50:76:0b:10:4e:00:aa c0:50:76:0b:10:4e:00:ab ,Hanging,NOT ZONED,,
Fabric B,fabB_config_051125,srv_epthel83p,c0:50:76:0b:10:4e:00:a2 c0:50:76:0b:10:4e:00:a3 ,Hanging,NOT ZONED,,
Fabric B,fabB_config_051125,srv_epubuntu18p,c0:50:76:0b:10:49:00:66 c0:50:76:0b:10:49:00:67 ,Hanging,NOT ZONED,,
Fabric B,fabB_config_051125,srv_epubuntu20p,c0:50:76:0b:10:49:00:5e c0:50:76:0b:10:49:00:5f ,Hanging,NOT ZONED,,
Fabric B,fabB_config_051125,srv_esx11_vmhba4,10:00:00:05:1e:81:e0:ab ,Hanging,ZONED,peerzone_B_fs9200,,
Fabric B,fabB_config_051125,srv_esx12_vmhba4,10:00:00:05:33:26:42:f2 ,Hanging,ZONED,peerzone_B_fs9200,,
Fabric B,fabB_config_051125,srv_esx13_vmhba3,50:01:43:80:06:2d:a2:22 ,Hanging,ZONED,peerzone_B_fs9200,,
Fabric B,fabB_config_051125,srv_esx14_vmhba3,50:01:43:80:06:2d:9d:da ,Hanging,ZONED,peerzone_B_fs9200,,
Fabric B,fabB_config_051125,srv_esx15_vmhba3,10:00:00:05:33:26:43:5f ,Hanging,ZONED,peerzone_B_fs9200,,
Fabric B,fabB_config_051125,srv_esx20_vmhba2,21:00:00:1b:32:8e:24:46 ,Hanging,ZONED,peerzone_B_fs9200,peerzone_t1block,,
Fabric B,fabB_config_051125,srv_esx21_vmhba2,21:00:00:24:ff:5d:fb:59 ,Hanging,ZONED,peerzone_B_fs9200,peerzone_t1block,,
Fabric B,fabB_config_051125,srv_esx22_vmhba2,21:00:00:24:ff:5d:a7:83 ,Hanging,ZONED,peerzone_B_fs9200,peerzone_t1block,,
Fabric B,fabB_config_051125,srv_esx23_vmhba2,21:00:00:24:ff:5d:fc:2d ,Hanging,ZONED,peerzone_B_fs9200,peerzone_t1block,,
Fabric B,fabB_config_051125,srv_esx24_vmhba2,21:00:00:24:ff:8d:84:01 ,Hanging,ZONED,peerzone_B_fs9200,peerzone_t1block,,
Fabric B,fabB_config_051125,srv_esx30_vmhba7,21:00:00:1b:32:87:2e:cd ,Hanging,ZONED,peerzone_B_fs9200,,
Fabric B,fabB_config_051125,srv_esx31_vmhba7,21:00:00:1b:32:00:b3:36 ,Hanging,ZONED,peerzone_B_fs9200,,
Fabric B,fabB_config_051125,srv_esx40_hba2,21:00:f4:e9:d4:54:0c:74 ,Valid,ZONED,peerzone_B_fs9200,peerzone_a302_e0g,peerzone_t1block,,
Fabric B,fabB_config_051125,srv_esx41_hba2,21:00:f4:e9:d4:56:60:1c ,Valid,ZONED,peerzone_B_fs9200,peerzone_a302_e0g,peerzone_t1block,,
Fabric B,fabB_config_051125,srv_esx42_hba2,21:00:f4:e9:d4:56:a0:42 ,Valid,ZONED,peerzone_B_fs9200,peerzone_a302_e0g,peerzone_t1block,,
Fabric B,fabB_config_051125,srv_esx43_hba2,21:00:f4:e9:d4:54:0a:c0 ,Valid,ZONED,peerzone_B_fs9200,peerzone_a302_e0g,peerzone_t1block,,
Fabric B,fabB_config_051125,srv_esx44_hba2,21:00:f4:e9:d4:52:9c:de ,Valid,ZONED,peerzone_B_fs9200,peerzone_a302_e0g,peerzone_t1block,,
Fabric B,fabB_config_051125,srv_esx45_hba2,21:00:f4:e9:d4:56:ef:ca ,Valid,ZONED,peerzone_B_fs9200,peerzone_a302_e0g,peerzone_t1block,,
Fabric B,fabB_config_051125,srv_esx60_hba2,10:00:00:90:fa:c3:5f:cb ,Valid,ZONED,peerzone_B_fs9200,peerzone_a300_1c,peerzone_a302_e0g,peerzone_t1block,,
Fabric B,fabB_config_051125,srv_esx61_hba2,10:00:00:90:fa:c3:16:19 ,Valid,ZONED,peerzone_B_fs9200,peerzone_a300_1c,peerzone_a302_e0g,peerzone_t1block,,
Fabric B,fabB_config_051125,srv_esx62_hba2,10:00:00:90:fa:c3:15:05 ,Valid,ZONED,peerzone_B_fs9200,peerzone_a300_1c,peerzone_a302_e0g,peerzone_t1block,,
Fabric B,fabB_config_051125,srv_esx63_hba2,10:00:00:90:fa:c3:16:6f ,Valid,ZONED,peerzone_B_fs9200,peerzone_a300_1c,peerzone_a302_e0g,peerzone_t1block,,
Fabric B,fabB_config_051125,srv_esx64_hba2,10:00:00:90:fa:c3:60:cd ,Valid,ZONED,peerzone_B_fs9200,peerzone_a300_1c,peerzone_a302_e0g,peerzone_t1block,,
Fabric B,fabB_config_051125,srv_esx65_hba2,10:00:00:90:fa:c3:15:af ,Valid,ZONED,peerzone_B_fs9200,peerzone_a300_1c,peerzone_a302_e0g,peerzone_t1block,,
Fabric B,fabB_config_051125,srv_graix01_62,c0:50:76:0b:10:4e:00:62 ,Hanging,ZONED,peerzone_3par,peerzone_B_fs9200,,
Fabric B,fabB_config_051125,srv_groot_host10,21:00:00:24:ff:8d:19:0b ,Valid,ZONED,peerzone_groot_tapeB,,
Fabric B,fabB_config_051125,srv_groot_host9,21:00:00:24:ff:8d:19:0a ,Valid,ZONED,peerzone_B_fs9200,,
Fabric B,fabB_config_051125,srv_hpe_syn_node1_p2,10:00:1e:ee:97:f0:00:0a ,Hanging,NOT ZONED,,
Fabric B,fabB_config_051125,srv_hpe_syn_node2_vmhba33,10:00:1e:ee:97:f0:00:12 ,Hanging,NOT ZONED,,
Fabric B,fabB_config_051125,srv_icas02-disk2,c0:50:76:0b:10:4e:00:c2 ,Valid,ZONED,icas02_fabricB,peerzone_B_fs5200,peerzone_B_fs5200_dr,,
Fabric B,fabB_config_051125,srv_icas02-disk4,c0:50:76:0b:10:4e:00:c4 ,Valid,ZONED,icas02_fabricB,peerzone_B_fs5200,peerzone_B_fs5200_dr,,
Fabric B,fabB_config_051125,srv_inma01,10:00:00:10:9b:f0:1b:78 ,Hanging,ZONED,peerzone_B_fs9200,,
Fabric B,fabB_config_051125,srv_inma02,10:00:00:10:9b:ef:ec:c6 ,Hanging,ZONED,peerzone_B_fs9200,,
Fabric B,fabB_config_051125,srv_inma03,10:00:00:10:9b:ef:ac:12 ,Hanging,ZONED,peerzone_B_fs9200,,
Fabric B,fabB_config_051125,srv_inma04,10:00:00:10:9b:ef:ab:f6 ,Hanging,ZONED,peerzone_B_fs9200,,
Fabric B,fabB_config_051125,srv_loadbal01,c0:50:76:0b:10:49:00:42 c0:50:76:0b:10:49:00:43 ,Hanging,NOT ZONED,,
Fabric B,fabB_config_051125,srv_loadbal02,c0:50:76:0b:10:4e:00:86 c0:50:76:0b:10:4e:00:87 ,Hanging,NOT ZONED,,
Fabric B,fabB_config_051125,srv_loki_port11,c0:50:76:0c:39:2d:00:08 c0:50:76:0c:39:2d:00:09 ,Hanging,ZONED,peerzone_B_fs9200,,
Fabric B,fabB_config_051125,srv_loki_port21,c0:50:76:0c:39:2d:00:06 c0:50:76:0c:39:2d:00:07 ,Hanging,ZONED,peerzone_B_fs9200,,
Fabric B,fabB_config_051125,srv_loki_port29,c0:50:76:0c:39:2d:00:0a ,Valid,ZONED,peerzone_B_ibmi_tape,,
Fabric B,fabB_config_051125,srv_master01,c0:50:76:0b:10:49:00:1a c0:50:76:0b:10:49:00:1b ,Hanging,NOT ZONED,,
Fabric B,fabB_config_051125,srv_master02,c0:50:76:0b:10:49:00:22 c0:50:76:0b:10:49:00:23 ,Hanging,NOT ZONED,,
Fabric B,fabB_config_051125,srv_master03,c0:50:76:0b:10:49:00:2e c0:50:76:0b:10:49:00:2f ,Hanging,NOT ZONED,,
Fabric B,fabB_config_051125,srv_nfmaix02_p4,c0:50:76:0b:10:4e:00:58 c0:50:76:0b:10:4e:00:59 ,Hanging,ZONED,peerzone_B_fs9200,,
Fabric B,fabB_config_051125,srv_rhelsbx01,c0:50:76:0b:10:4e:00:24 c0:50:76:0b:10:4e:00:25 ,Hanging,ZONED,peerzone_B_dsg10,peerzone_B_fs5200,peerzone_B_fs5200_dr,peerzone_B_fs9200,,
Fabric B,fabB_config_051125,srv_rhelsbx02,c0:50:76:0b:10:4e:00:1c c0:50:76:0b:10:4e:00:1d ,Hanging,ZONED,peerzone_B_fs5200,peerzone_B_fs5200_dr,peerzone_B_fs9200,,
Fabric B,fabB_config_051125,srv_rick-w2019_1b,10:00:00:05:33:26:43:b2 ,Valid,ZONED,peerzone_B_fs5200,peerzone_B_fs5200_dr,peerzone_B_fs9200,peerzone_nimble1,,
Fabric B,fabB_config_051125,srv_rick_rhel_02,10:00:00:90:fa:2b:24:04 ,Valid,ZONED,peerzone_B_fs9200,,
Fabric B,fabB_config_051125,srv_rocket_host10,21:00:00:24:ff:8a:b2:35 ,Valid,ZONED,peerzone_rocket_tapeB,,
Fabric B,fabB_config_051125,srv_rocket_host9,21:00:00:24:ff:8a:b2:34 ,Valid,ZONED,peerzone_B_fs9200,,
Fabric B,fabB_config_051125,srv_susesbx01,c0:50:76:0b:10:4e:00:34 c0:50:76:0b:10:4e:00:35 ,Hanging,ZONED,peerzone_B_fs9200,,
Fabric B,fabB_config_051125,srv_thor_2a,c0:50:76:0b:10:4e:00:4a ,Hanging,ZONED,peerzone_B_fs9200,testzone,,
Fabric B,fabB_config_051125,srv_thor_2b,c0:50:76:0b:10:4e:00:4b ,Hanging,ZONED,peerzone_B_fs9200,,
Fabric B,fabB_config_051125,srv_thor_4a,c0:50:76:0b:10:4e:00:4c c0:50:76:0b:10:4e:00:4d ,Hanging,ZONED,peerzone_B_fs9200,testzone,,
Fabric B,fabB_config_051125,srv_tslm01_slot3_port1,10:00:00:00:c9:55:f5:50 ,Hanging,NOT ZONED,,
Fabric B,fabB_config_051125,srv_tslm02_slot4_port1,10:00:00:00:c9:5a:e8:dc ,Hanging,NOT ZONED,,
Fabric B,fabB_config_051125,srv_tsmsbx01,c0:50:76:0b:10:4e:00:44 c0:50:76:0b:10:4e:00:45 ,Hanging,ZONED,peerzone_B_fs9200,,
Fabric B,fabB_config_051125,srv_ubuntusbx01,c0:50:76:0b:10:4e:00:2e c0:50:76:0b:10:4e:00:2f ,Hanging,ZONED,peerzone_B_fs9200,,
Fabric B,fabB_config_051125,srv_worker01,c0:50:76:0b:10:4e:00:6e c0:50:76:0b:10:4e:00:6f ,Hanging,NOT ZONED,,
Fabric B,fabB_config_051125,srv_worker02,c0:50:76:0b:10:4e:00:7a c0:50:76:0b:10:4e:00:7b ,Hanging,NOT ZONED,,
Fabric B,fabB_config_051125,srv_worker03,c0:50:76:0b:10:4e:00:7e c0:50:76:0b:10:4e:00:7f ,Hanging,NOT ZONED,,
Fabric B,fabB_config_051125,srv_zlinux01,c0:50:76:c7:c4:00:03:80 ,Hanging,ZONED,peerzone_B_fs9200,,
Fabric B,fabB_config_051125,srv_zlinux_chpid_41,c0:50:76:cb:a8:00:12:51 ,Hanging,ZONED,peerzone_B_fs9200,,
Fabric B,fabB_config_051125,srv_zr1,c0:50:76:d2:32:80:10:91 ,Hanging,NOT ZONED,,
Fabric B,fabB_config_051125,sto_3par_002,20:02:00:02:ac:02:0f:3f ,Hanging,ZONED,peerzone_3par,,
Fabric B,fabB_config_051125,sto_3par_112,21:02:00:02:ac:02:0f:3f ,Hanging,ZONED,peerzone_3par,,
Fabric B,fabB_config_051125,sto_SVMesi01_01_2a,20:01:00:a0:98:1b:ae:1c ,Hanging,NOT ZONED,,
Fabric B,fabB_config_051125,sto_SVMesi01_02_2a,20:03:00:a0:98:1b:ae:1c ,Hanging,NOT ZONED,,
Fabric B,fabB_config_051125,sto_a300_01_1c,50:0a:09:84:80:42:43:5f ,Valid,ZONED,peerzone_a300_1c,,
Fabric B,fabB_config_051125,sto_a300_02_1c,50:0a:09:84:80:b2:42:92 ,Valid,ZONED,peerzone_a300_1c,,
Fabric B,fabB_config_051125,sto_a302-01_e0h,50:0a:09:83:80:02:42:92 ,Valid,ZONED,peerzone_a302_e0g,,
Fabric B,fabB_config_051125,sto_a302-02_e0h,50:0a:09:83:80:72:43:5f ,Valid,ZONED,peerzone_a302_e0g,,
Fabric B,fabB_config_051125,sto_bpvmwsvm_01_fc_lif_2,20:0e:00:a0:98:1b:ae:1c ,Hanging,NOT ZONED,,
Fabric B,fabB_config_051125,sto_bpvmwsvm_02_fc_lif_2,20:10:00:a0:98:1b:ae:1c ,Hanging,NOT ZONED,,
Fabric B,fabB_config_051125,sto_d1nacludr_02_0e,20:02:d0:39:ea:25:33:0d ,Hanging,NOT ZONED,,
Fabric B,fabB_config_051125,sto_d2nacludr_02_0e,20:02:d0:39:ea:25:49:08 ,Hanging,NOT ZONED,,
Fabric B,fabB_config_051125,sto_ds8k_i0232,50:05:07:63:09:13:91:7f ,Hanging,NOT ZONED,,
Fabric B,fabB_config_051125,sto_ds8k_i0302,50:05:07:63:09:18:91:7f ,Hanging,NOT ZONED,,
Fabric B,fabB_config_051125,sto_dsg10_i0223,50:05:07:63:03:12:f3:61 ,Valid,ZONED,peerzone_B_dsg10,peerzone_B_fs9200_dsg10,,
Fabric B,fabB_config_051125,sto_dsg10_i0231,50:05:07:63:03:13:73:61 ,Valid,ZONED,dsg10_i0231_dsg10_i0331,,
Fabric B,fabB_config_051125,sto_dsg10_i0241,50:05:07:63:03:14:73:61 ,Valid,ZONED,dsg10_i0241_dsg10_i0341,,
Fabric B,fabB_config_051125,sto_dsg10_i0323,50:05:07:63:03:1a:f3:61 ,Valid,ZONED,peerzone_B_dsg10,peerzone_B_fs9200_dsg10,,
Fabric B,fabB_config_051125,sto_dsg10_i0331,50:05:07:63:03:1b:73:61 ,Valid,ZONED,dsg10_i0231_dsg10_i0331,,
Fabric B,fabB_config_051125,sto_dsg10_i0341,50:05:07:63:03:1c:73:61 ,Valid,ZONED,dsg10_i0241_dsg10_i0341,,
Fabric B,fabB_config_051125,sto_esiSVMjimp_01bh,20:01:00:a0:98:63:0b:8b ,Hanging,NOT ZONED,,
Fabric B,fabB_config_051125,sto_fas2040ajimp_0a,50:0a:09:81:88:1d:af:e7 ,Hanging,NOT ZONED,,
Fabric B,fabB_config_051125,sto_fas2050a_0b,50:0a:09:82:98:cc:70:91 ,Hanging,NOT ZONED,,
Fabric B,fabB_config_051125,sto_fas2050b_0b,50:0a:09:82:88:cc:70:91 ,Hanging,NOT ZONED,,
Fabric B,fabB_config_051125,sto_fs5200_dr_n1p2,50:05:07:68:12:16:2f:db ,Valid,ZONED,peerzone_B_fs5200_dr,,
Fabric B,fabB_config_051125,sto_fs5200_dr_n1p2_physical,50:05:07:68:12:12:2f:db ,Valid,ZONED,fs5200_iogrp1_fs9200_replication,zone_fs5200_fs5200_dr,,
Fabric B,fabB_config_051125,sto_fs5200_dr_n2p2,50:05:07:68:12:16:2f:dc ,Valid,ZONED,peerzone_B_fs5200_dr,,
Fabric B,fabB_config_051125,sto_fs5200_dr_n2p2_physical,50:05:07:68:12:12:2f:dc ,Valid,ZONED,fs5200_iogrp1_fs9200_replication,zone_fs5200_fs5200_dr,,
Fabric B,fabB_config_051125,sto_fs5200_n1p2,50:05:07:68:12:16:2f:bf ,Valid,ZONED,peerzone_B_fs5200,,
Fabric B,fabB_config_051125,sto_fs5200_n1p2_physical,50:05:07:68:12:12:2f:bf ,Valid,ZONED,fs5200_iogrp0_fs9200_replication,zone_fs5200_fs5200_dr,,
Fabric B,fabB_config_051125,sto_fs5200_n2p2,50:05:07:68:12:16:2f:c0 ,Valid,ZONED,peerzone_B_fs5200,,
Fabric B,fabB_config_051125,sto_fs5200_n2p2_physical,50:05:07:68:12:12:2f:c0 ,Valid,ZONED,fs5200_iogrp0_fs9200_replication,zone_fs5200_fs5200_dr,,
Fabric B,fabB_config_051125,sto_fs9200_n1p2_physical,50:05:07:68:10:12:39:91 ,Valid,ZONED,fs5200_iogrp0_fs9200_replication,fs5200_iogrp1_fs9200_replication,peerzone_B_fs9200_dsg10,,
Fabric B,fabB_config_051125,sto_fs9200_n1p2_virtual,50:05:07:68:10:16:39:91 ,Valid,ZONED,icas02_fabricB,peerzone_B_fs9200,testzone,,
Fabric B,fabB_config_051125,sto_fs9200_n2p2_physical,50:05:07:68:10:12:39:a3 ,Valid,ZONED,fs5200_iogrp0_fs9200_replication,fs5200_iogrp1_fs9200_replication,peerzone_B_fs9200_dsg10,,
Fabric B,fabB_config_051125,sto_fs9200_n2p2_virtual,50:05:07:68:10:16:39:a3 ,Valid,ZONED,icas02_fabricB,peerzone_B_fs9200,testzone,,
Fabric B,fabB_config_051125,sto_nimble_a_fc3b,56:c9:ce:90:90:19:35:02 ,Hanging,ZONED,peerzone_nimble1,,
Fabric B,fabB_config_051125,sto_nimble_b_fc3b,56:c9:ce:90:90:19:35:06 ,Hanging,ZONED,peerzone_nimble1,,
Fabric B,fabB_config_051125,sto_t1block-01-2b,20:02:00:a0:98:b8:f4:41 ,Valid,ZONED,peerzone_t1block,,
Fabric B,fabB_config_051125,sto_t1block-01-2d,20:04:00:a0:98:b8:f4:41 ,Valid,ZONED,peerzone_t1block,,
Fabric B,fabB_config_051125,sto_t1block-02-2b,20:06:00:a0:98:b8:f4:41 ,Valid,ZONED,peerzone_t1block,,
Fabric B,fabB_config_051125,sto_t1block-02-2d,20:08:00:a0:98:b8:f4:41 ,Valid,ZONED,peerzone_t1block,,
Fabric B,fabB_config_051125,sto_usnetapp1_0a,50:0a:09:81:88:fc:99:4e ,Hanging,NOT ZONED,,
Fabric B,fabB_config_051125,sto_v7000_flex_all_port4,50:05:07:68:05:10:04:f8 50:05:07:68:05:10:04:f9 ,Hanging,NOT ZONED,,
Fabric B,fabB_config_051125,sto_v7000_flex_left_port4,50:05:07:68:05:10:04:f8 ,Hanging,NOT ZONED,,
Fabric B,fabB_config_051125,sto_v7000_flex_right_port4,50:05:07:68:05:10:04:f9 ,Hanging,NOT ZONED,,
Fabric B,fabB_config_051125,sto_xivgen3_group1b,50:01:73:80:2a:fd:01:41 50:01:73:80:2a:fd:01:51 ,Hanging,NOT ZONED,,
Fabric B,fabB_config_051125,sto_xivgen3_group2b,50:01:73:80:2a:fd:01:42 50:01:73:80:2a:fd:01:52 ,Hanging,NOT ZONED,,
Fabric B,fabB_config_051125,tpe_ts3310_lto5_1,50:03:08:c3:a2:fa:60:92 ,Valid,NOT ZONED,,
Fabric B,fabB_config_051125,tpe_ts3310_lto5_2,50:03:08:c3:a2:fa:60:96 ,Valid,NOT ZONED,,
Fabric B,fabB_config_051125,tpe_ts3310_lto6_0_1_wwpn2,50:03:08:c3:a2:fa:60:02 ,Valid,ZONED,peerzone_B_ibmi_tape,peerzone_groot_tapeB,,
Fabric B,fabB_config_051125,tpe_ts3310_lto6_0_2_wwpn2,50:03:08:c3:a2:fa:60:06 ,Valid,ZONED,peerzone_rocket_tapeB,,

